公司代码,公司简称,年份,币种,营业收入,营业成本,净利润,销售费用,管理费用,财务费用,存货,应收账款,商誉,总资产,净资产,营收增速,净利率,毛利率,销售费用率,管理费用率,财务费用率,存货周转天数,应收周转天数,营运资金占用天数,商誉占净资产,总资产周转率,ROE
002727.SZ,一心堂,2020,CNY,126.56,81.23,7.9,30.52,5.06,0.04,21.94,8.12,11.02,93.28,57.65,0.2077,0.0624,0.3582,0.2412,0.04,0.0003,93.5566,18.987,112.5436,0.1912,1.4639,0.1525
002727.SZ,一心堂,2021,CNY,145.87,91.97,9.22,37.01,3.99,1.01,33.17,13.5,13.8,143.37,65.78,0.1526,0.0632,0.3695,0.2537,0.0274,0.0069,107.8591,26.6785,134.5376,0.2098,1.2328,0.1494
002727.SZ,一心堂,2022,CNY,174.32,113.22,10.1,40.72,4.4,0.98,33.87,17.27,13.97,161.79,74.26,0.195,0.0579,0.3505,0.2336,0.0252,0.0056,106.5819,31.7726,138.3545,0.1881,1.1425,0.1442
002727.SZ,一心堂,2023,CNY,173.8,116.46,5.49,42.35,4.28,0.62,38.53,14.37,16.5,166.47,77.46,-0.003,0.0316,0.3299,0.2437,0.0246,0.0036,111.9011,32.7687,144.6698,0.213,1.0589,0.0724
002727.SZ,一心堂,2024,CNY,180.0,122.78,1.14,46.99,4.66,1.04,40.88,14.29,19.83,168.3,74.91,0.0357,0.0063,0.3179,0.2611,0.0259,0.0058,116.418,28.66,145.078,0.2647,1.0754,0.015
002727.SZ,一心堂,2025,CNY,173.36,116.8,2.63,44.95,4.46,1.16,36.73,13.62,19.61,156.08,73.03,-0.0369,0.0152,0.3263,0.2593,0.0257,0.0067,119.6045,28.979,148.5835,0.2685,1.0689,0.0356
605266.SH,健之佳,2020,CNY,44.66,29.61,2.51,10.4,1.47,0.09,7.31,1.67,0.58,34.69,17.17,0.2655,0.0562,0.337,0.2329,0.0329,0.002,81.459,12.0914,93.5504,0.0338,1.6344,0.2174
605266.SH,健之佳,2021,CNY,52.35,33.59,3.01,13.4,1.38,0.48,11.21,2.28,4.15,52.14,19.1,0.1722,0.0575,0.3584,0.256,0.0264,0.0092,99.2438,13.5817,112.8255,0.2173,1.2058,0.166
605266.SH,健之佳,2022,CNY,75.14,47.99,3.63,19.11,2.1,1.02,21.66,5.92,22.43,93.85,25.76,0.4353,0.0483,0.3613,0.2543,0.0279,0.0136,123.2882,19.6433,142.9315,0.8707,1.0294,0.1618
605266.SH,健之佳,2023,CNY,90.81,58.23,4.14,23.9,1.97,1.26,23.74,4.4,24.03,99.49,28.61,0.2085,0.0456,0.3588,0.2632,0.0217,0.0139,140.34,20.4559,160.7959,0.8399,0.9394,0.1523
605266.SH,健之佳,2024,CNY,92.83,59.6,1.28,26.74,2.63,1.41,31.28,4.26,24.56,106.23,27.97,0.0222,0.0138,0.358,0.2881,0.0283,0.0152,166.1678,16.792,182.9598,0.8781,0.9025,0.0452
605266.SH,健之佳,2025,CNY,89.21,56.97,1.48,25.73,2.21,1.3,21.14,10.59,24.21,97.54,26.73,-0.039,0.0166,0.3614,0.2884,0.0248,0.0146,165.624,29.963,195.587,0.9057,0.8756,0.0541
603233.SH,大参林,2020,CNY,145.83,89.73,10.62,34.71,7.02,-0.11,26.83,4.32,13.34,123.32,53.85,0.3089,0.0728,0.3847,0.238,0.0481,-0.0008,95.0451,9.7264,104.7715,0.2477,1.3886,0.2207
603233.SH,大参林,2021,CNY,167.59,103.66,7.91,42.66,9.21,1.7,36.3,7.39,20.6,173.36,54.79,0.1492,0.0472,0.3815,0.2545,0.055,0.0101,109.6218,12.5771,122.1989,0.376,1.1298,0.1456
603233.SH,大参林,2022,CNY,212.48,132.17,10.36,51.6,11.1,2.08,38.72,10.17,23.64,208.41,62.12,0.2679,0.0488,0.378,0.2428,0.0522,0.0098,102.1684,14.8758,117.0442,0.3806,1.1131,0.1772
603233.SH,大参林,2023,CNY,245.31,157.24,11.66,56.23,11.85,1.9,41.81,12.16,30.24,241.23,68.24,0.1545,0.0475,0.359,0.2292,0.0483,0.0077,92.1865,16.385,108.5715,0.4431,1.0911,0.1789
603233.SH,大参林,2024,CNY,264.97,174.01,9.15,61.93,12.31,2.01,41.28,12.89,35.22,264.4,68.97,0.0801,0.0345,0.3433,0.2337,0.0465,0.0076,85.9502,17.017,102.9672,0.5107,1.0481,0.1334
603233.SH,大参林,2025,CNY,275.02,180.64,12.35,60.19,11.95,1.49,41.41,12.6,34.68,264.87,73.68,0.0379,0.0449,0.3432,0.2189,0.0435,0.0054,82.397,16.6832,99.0802,0.4707,1.0392,0.1732
603939.SH,益丰药房,2020,CNY,131.45,81.52,7.68,32.3,5.46,0.34,21.72,8.3,33.38,129.5,54.69,0.2792,0.0584,0.3798,0.2457,0.0415,0.0026,88.1673,21.6356,109.8029,0.6103,1.1882,0.154
603939.SH,益丰药房,2021,CNY,153.26,91.43,8.88,40.6,6.57,1.15,30.41,10.77,37.18,170.52,74.81,0.1659,0.0579,0.4034,0.2649,0.0429,0.0075,102.6293,22.3972,125.0265,0.497,1.0217,0.1371
603939.SH,益丰药房,2022,CNY,198.86,120.26,12.66,48.78,9.04,1.05,36.15,18.44,41.88,210.39,85.56,0.2975,0.0637,0.3953,0.2453,0.0455,0.0053,99.6241,26.4397,126.0638,0.4895,1.0441,0.1579
603939.SH,益丰药房,2023,CNY,225.88,139.58,14.12,54.87,9.62,0.86,38.08,21.38,46.11,241.37,98.04,0.1359,0.0625,0.3821,0.2429,0.0426,0.0038,95.7257,31.7319,127.4576,0.4703,1.0,0.1538
603939.SH,益丰药房,2024,CNY,240.62,144.08,15.29,61.79,10.83,1.74,45.28,21.24,47.69,279.75,107.26,0.0653,0.0635,0.4012,0.2568,0.045,0.0072,104.1421,31.8826,136.0247,0.4446,0.9235,0.149
603939.SH,益丰药房,2025,CNY,244.33,148.17,16.78,58.54,11.87,1.42,46.37,19.61,47.65,274.52,116.34,0.0154,0.0687,0.3936,0.2396,0.0486,0.0058,111.3383,30.0945,141.4328,0.4096,0.8816,0.1501
603883.SH,老百姓,2020,CNY,139.67,94.89,6.21,28.37,6.58,0.63,23.87,11.5,28.09,112.84,42.9,0.1975,0.0445,0.3206,0.2031,0.0471,0.0045,82.9908,28.649,111.6398,0.6548,1.3171,0.1597
603883.SH,老百姓,2021,CNY,156.96,106.53,6.69,32.67,7.23,1.85,27.3,13.76,36.95,169.58,43.58,0.1238,0.0426,0.3213,0.2081,0.0461,0.0118,86.4602,28.9679,115.4281,0.8479,1.1115,0.1547
603883.SH,老百姓,2022,CNY,201.76,137.44,7.85,38.98,11.07,2.32,39.49,20.78,54.93,213.97,65.3,0.2854,0.0389,0.3188,0.1932,0.0549,0.0115,87.4724,30.8148,118.2872,0.8412,1.0521,0.1442
603883.SH,老百姓,2023,CNY,224.37,151.34,9.29,45.66,11.87,1.77,41.52,22.24,58.36,212.31,67.01,0.1121,0.0414,0.3255,0.2035,0.0529,0.0079,96.3513,34.5126,130.8639,0.8709,1.0527,0.1404
603883.SH,老百姓,2024,CNY,223.58,149.42,5.19,49.47,12.58,1.73,35.74,23.4,57.56,210.45,65.81,-0.0035,0.0232,0.3317,0.2213,0.0563,0.0077,93.0719,36.7439,129.8158,0.8746,1.0577,0.0782
603883.SH,老百姓,2025,CNY,222.37,150.55,3.82,46.99,12.88,1.3,36.52,21.08,56.13,198.45,65.35,-0.0054,0.0172,0.323,0.2113,0.0579,0.0058,86.3952,36.0049,122.4001,0.8589,1.0876,0.0582
